country_code,country_name,year,GDP_PC,UNEMP,INFLATION,POPULATION,LIFE_EXP,INTERNET
BRA,Brazil,2000,3766.54786339835,10.889,7.04414105947265,174543353.83,69.67508000000001,3.251981391953189
BRA,Brazil,2001,3176.28975052524,10.649,6.84035902487523,176301203.0,69.98,4.52849486902851
BRA,Brazil,2002,2909.9135168355742,10.641,8.45016437708331,178503484.0,70.396,9.14942508560748
BRA,Brazil,2003,3090.6068907839,11.168,13.464912587168122,180622688.0,70.884,13.2075861035303
BRA,Brazil,2004,3663.82262497811,10.072,6.59718509985963,182675143.0,71.361,19.073672274442
BRA,Brazil,2005,4827.78165890291,10.551,6.86953720898964,184688101.0,71.832,21.022747248827
BRA,Brazil,2006,5934.14561857454,9.692,4.18356812896909,186653106.0,72.296,28.17840004
BRA,Brazil,2007,7409.69003822861,9.28,3.64127299102652,188552320.0,72.73,30.87999916
BRA,Brazil,2008,8908.33338467948,8.268,5.67859390284168,190367302.0,73.111,33.83
BRA,Brazil,2009,8678.6584730653,9.419,4.88803479876798,192079951.0,73.457,39.22
BRA,Brazil,2010,11403.2840038694,8.42,5.03872690108074,193701929.0,73.779,40.65
BRA,Brazil,2011,13195.398747621139,7.578,6.6364496221309,195284734.0,74.047,45.69
BRA,Brazil,2012,12521.7238454434,7.251,5.40349914036997,196876111.0,74.335,48.56
BRA,Brazil,2013,12458.8903396625,7.071,6.204310666401,198478299.0,74.609,51.04
BRA,Brazil,2014,12274.9941630213,6.82768,6.32904015516138,200085127.0,74.823,54.5510018796392
BRA,Brazil,2015,8936.1955889444,8.538,9.02990102416136,201675532.0,75.106,58.3279517340924
BRA,Brazil,2016,8836.28546025694,11.58,8.73914352329393,203218114.0,75.081,60.8725400681261
BRA,Brazil,2017,10080.5078722821,12.792,3.44637335032669,204703445.0,75.383,67.4712845236305
BRA,Brazil,2018,9300.66072904004,12.329,3.66485028376728,206107261.0,75.633,70.4342825404361
BRA,Brazil,2019,9029.83304401079,11.936,3.73297621216893,207455459.0,75.809,73.9124399133589
BRA,Brazil,2020,7074.19407495707,13.57303,3.2657272598611335,208660842.0,74.506,81.34269353
BRA,Brazil,2021,7972.53696080695,13.158,8.30165975585673,209550294.0,73.038,80.68989314
BRA,Brazil,2022,9281.33282136864,9.231,9.28010608956872,210306415.0,74.872,80.52775094
BRA,Brazil,2023,10377.5897719195,7.947,4.59356282283203,210948836.78,75.83903,83.5047833445
CHN,China,2000,991.3269999675347,3.3842,0.347811226864586,1264762150.0,72.37701,1.9745727186336013
CHN,China,2001,1065.40597574519,3.8,0.719125609120113,1271850000.0,72.675,2.63965021485872
CHN,China,2002,1163.55957673426,4.24,-0.7310956025242537,1280400000.0,73.034,4.59570433077551
CHN,China,2003,1306.97245408557,4.58,1.12760348729637,1288400000.0,73.385,6.2
CHN,China,2004,1530.92726215723,4.49,3.82463743108159,1296075000.0,73.727,7.3
CHN,China,2005,1777.64496828464,4.52,1.7764140766757,1303720000.0,74.085,8.52325700269541
CHN,China,2006,2129.25696999613,4.43,1.64943099455859,1311020000.0,74.404,10.5231526193851
CHN,China,2007,2734.72709877693,4.35,4.81676767378834,1317885000.0,74.789,16.0
CHN,China,2008,3523.44302065213,4.59,5.839840307408634,1324655000.0,74.833,22.6
CHN,China,2009,3898.24459158811,4.72,-0.728165250932898,1331260000.0,75.317,28.9
CHN,China,2010,4629.24551710077,4.53,3.17532475269199,1337705000.0,75.668,34.3
CHN,China,2011,5703.76027973346,4.55,5.55389892257493,1345035000.0,75.889,38.3
CHN,China,2012,6405.0574241349,4.58,2.6195243264554,1354190000.0,76.2,42.30009842
CHN,China,2013,7147.03518622344,4.6,2.62105001748114,1363240000.0,76.452,45.79999924
CHN,China,2014,7781.06597484974,4.63,1.9216416278852,1371860000.0,76.714,47.90000153
CHN,China,2015,8175.33285077393,4.65,1.43702380935654,1379860000.0,76.975,50.29999924
CHN,China,2016,8254.86859320357,4.56,2.00000182191943,1387790000.0,77.214,53.2
CHN,China,2017,8979.67652709856,4.47,1.59313600071435,1396215000.0,77.235,54.3
CHN,China,2018,10085.6638148819,4.31,2.07479039965576,1402760000.0,77.709,65.35839844
CHN,China,2019,10342.9009524335,4.56,2.89923416358226,1407745000.0,77.94,64.080881297515
CHN,China,2020,10627.4637989619,4.9954,2.41942189457782,1411100000.0,78.019,70.05275998
CHN,China,2021,12887.4357242941,4.55,0.981015135544881,1412317450.0,78.117,73.05323517
CHN,China,2022,12966.137339035167,4.98,1.9735755573905,1412175000.0,78.18245,75.61131603
CHN,China,2023,12951.1782397043,4.67,0.23483682889305,1410710000.0,77.953,87.15260268689998
DEU,Germany,2000,23925.8559901991,7.917,1.44026838719741,82211508.0,77.99639024390245,30.546302951517134
DEU,Germany,2001,23889.28727106292,7.773,1.98385731334471,82349925.0,78.3292682926829,31.650939416316
DEU,Germany,2002,25486.5942008748,8.482,1.42080615551526,82488495.0,78.2292682926829,48.82
DEU,Germany,2003,30711.1022511331,9.779,1.03422218628562,82534176.0,78.3804878048781,55.9
DEU,Germany,2004,34566.7359143735,10.727,1.66573696655991,82516260.0,78.6804878048781,64.73
DEU,Germany,2005,35084.4363546269,11.08582,1.54691114751328,82469422.0,78.9317073170732,68.71
DEU,Germany,2006,36980.3349948954,10.277,1.57742642840563,82376451.0,79.1317073170732,72.16
DEU,Germany,2007,42350.9217211489,8.732,2.2983440070095,82266372.0,79.5341463414634,75.16
DEU,Germany,2008,46379.1647953479,7.508,2.62837981637219,82110097.0,79.7365853658537,78.0
DEU,Germany,2009,42471.8868625226,7.88,0.312739007368446,81902307.0,79.8365853658537,79.0
DEU,Germany,2010,42396.9665976293,7.043,1.1038103778926,81776930.0,79.9878048780488,82.0
DEU,Germany,2011,47630.9761883572,5.967,2.07517283735874,80309676.2,80.4365853658537,81.26999953602
DEU,Germany,2012,44718.0159214069,5.372,2.00848884782956,80425823.0,80.5390243902439,82.3499984738392
DEU,Germany,2013,47206.8353514242,5.316,1.50472330251876,80645605.0,80.490243902439,84.17
DEU,Germany,2014,48959.5991203133,4.979,0.906794000434245,80982500.0,81.090243902439,86.1937006578756
DEU,Germany,2015,41929.7549110722,4.612,0.514426137125456,81686611.0,80.6414634146341,87.5897993525767
DEU,Germany,2016,42948.9381932694,4.104,0.491747008445174,82348669.0,80.990243902439,84.1652066441212
DEU,Germany,2017,45553.9341495339,3.781,1.50949485109628,82657002.0,80.9926829268293,84.3941537010844
DEU,Germany,2018,48916.1686612154,3.384,1.73216879766941,82905782.0,80.8926829268293,87.037112092841
DEU,Germany,2019,47656.199739747,3.163,1.44565976888253,83092962.0,81.24612195121954,88.1345169091916
DEU,Germany,2020,47394.8734504469,3.881,0.18348597457150795,83160871.0,81.0414634146342,89.81294133
DEU,Germany,2021,52349.2459994422,3.594,3.06666666666673,83196078.0,80.790243902439,91.43060973
DEU,Germany,2022,50506.5179638543,3.137,6.659562712612832,83177813.0,80.6080487804878,91.62984383
DEU,Germany,2023,54218.43703400451,3.08618,5.94643667725823,83266298.15,81.0414634146342,92.2816738319
EGY,"Egypt, Arab Rep.",2000,1366.09274372613,8.98,2.68380535348546,73444095.35,67.3964,0.686731569518555
EGY,"Egypt, Arab Rep.",2001,1295.1374184163,9.26,2.3649882789665093,74652029.0,67.612,0.838945611477604
EGY,"Egypt, Arab Rep.",2002,1116.82884626213,10.01,2.73723855000334,76239137.0,67.846,2.71999971465421
EGY,"Egypt, Arab Rep.",2003,1031.27556291284,10.91,4.50777636319303,77853548.0,68.045,4.03788510706701
EGY,"Egypt, Arab Rep.",2004,1000.460260111798,10.32,11.2706193320519,79477443.0,68.211,11.92
EGY,"Egypt, Arab Rep.",2005,1105.53920713903,11.049,4.86939696871988,81101004.0,68.355,12.75
EGY,"Egypt, Arab Rep.",2006,1298.97900203124,10.49,7.64452644526434,82700403.0,68.493,13.66
EGY,"Egypt, Arab Rep.",2007,1547.74170735909,8.8,9.31896905799229,84276225.0,68.627,16.03
EGY,"Egypt, Arab Rep.",2008,1896.21594269779,8.517,18.3168316831684,85864789.0,68.761,18.01
EGY,"Egypt, Arab Rep.",2009,2161.63964573927,9.087,11.7634954386443,87501636.0,68.915,20.0
EGY,"Egypt, Arab Rep.",2010,2455.08194645282,8.757,11.2651882653185,89196072.0,69.078,21.6
EGY,"Egypt, Arab Rep.",2011,2590.64384891965,11.849,10.0649259874818,91093059.0,69.232,25.6
EGY,"Egypt, Arab Rep.",2012,2996.0677072015,12.597,7.11172943343082,93161001.0,69.464,26.4
EGY,"Egypt, Arab Rep.",2013,3025.52563552448,13.14273,9.4697198106492,95333553.0,69.632,29.4
EGY,"Egypt, Arab Rep.",2014,3133.39102265541,13.105,10.0702154687481,97528654.0,69.911,33.8946039115275
EGY,"Egypt, Arab Rep.",2015,3306.98159414141,13.052,10.370490343517,99597342.0,70.135,37.8193834276939
EGY,"Egypt, Arab Rep.",2016,3270.6287768197,12.45,13.8136062148289,101644589.0,70.437,41.2480670885772
EGY,"Egypt, Arab Rep.",2017,2395.10333299491,11.767,29.5066083940038,103696057.0,70.709,44.9502042452857
EGY,"Egypt, Arab Rep.",2018,2484.70315630508,9.855,14.4014657807421,105682094.0,70.974,46.92433676792
EGY,"Egypt, Arab Rep.",2019,2962.98892023003,7.851,9.15279959324803,107553158.0,71.213,57.2828663990195
EGY,"Egypt, Arab Rep.",2020,3511.11381026379,7.974,5.04493288977538,109315124.0,69.79,71.91420096
EGY,"Egypt, Arab Rep.",2021,3827.35415374308,7.441,5.21404940513042,110957008.0,68.976,72.05599976
EGY,"Egypt, Arab Rep.",2022,4139.938490196299,6.59361,13.8956609775177,112618250.0,71.01,72.19806556
EGY,"Egypt, Arab Rep.",2023,3456.78968456253,6.753,32.877797690517916,114094741.94,71.5364,73.594719511
FRA,France,2000,22340.5939516217,10.218,1.67595988720928,61021175.68,79.06956097560976,17.07205925316095
FRA,France,2001,22333.818631286762,8.61,1.63478079549599,61364377.0,79.1585365853659,26.3259035521688
FRA,France,2002,24144.5727019529,8.702,1.92341228727063,61812142.0,79.2609756097561,30.18
FRA,France,2003,29479.5222101175,8.306,2.09847219146919,62249855.0,79.1146341463415,36.14
FRA,France,2004,33644.9282220364,8.914,2.14208964640238,62707588.0,80.1634146341463,39.15
FRA,France,2005,34696.3718316971,8.882,1.74586936380487,63180854.0,80.1634146341463,42.87
FRA,France,2006,36431.5658906555,8.832,1.67512449608726,63622342.0,80.8121951219512,46.87
FRA,France,2007,41486.1907828787,8.008,1.48799805953859,64016890.0,81.1121951219512,66.09
FRA,France,2008,45288.94180274068,7.386,2.81286194914785,64375116.0,81.2146341463415,70.68
FRA,France,2009,41728.0884164132,9.122,0.0876204781574653,64706436.0,81.4146341463415,71.58
FRA,France,2010,40694.8211697025,9.279,1.53112270420918,65026211.0,81.6634146341463,77.28
FRA,France,2011,43929.7840873812,9.228,2.11159795175,65340830.0,82.1146341463415,77.8199989926706
FRA,France,2012,40863.5814412333,9.841,1.95419531613509,65657659.0,81.9682926829268,81.44
FRA,France,2013,42669.1795111893,9.913,0.863715497861804,65997932.0,82.219512195122,81.9198
FRA,France,2014,43148.0459288416,10.273,0.507758822937989,66312067.0,82.719512195122,83.7510996681821
FRA,France,2015,36702.4323733379,10.33537,0.049038782970855954,66548272.0,82.3219512195122,78.0060377071902
FRA,France,2016,37024.2157133669,10.057,0.183334861123764,66724104.0,82.5731707317073,79.2698113207547
FRA,France,2017,38687.1626407164,9.409,1.03228275064681,66918020.0,82.5756097560976,80.5024597243607
FRA,France,2018,41418.1766484844,9.018,1.85081508315492,67158348.0,82.6756097560976,82.0431867788484
FRA,France,2019,40408.2848574751,8.415,1.10825492288293,67382061.0,82.8268292682927,83.3397440866883
FRA,France,2020,39169.8606000707,8.009,0.476498852725065,67601110.0,82.1756097560976,84.70639801
FRA,France,2021,43725.0999521245,7.871,1.64233141038393,67842811.0,82.3243902439024,86.09548575
FRA,France,2022,40988.6396406579,7.31036,5.143245133416294,68184457.0,82.1292682926829,85.33331734
FRA,France,2023,44700.1384177544,7.335,4.8783572650844,68329085.33,82.83058536585368,86.6659572978
IND,India,2000,444.499985699942,7.589,4.0094359104519,1062517176.66,62.843070000000004,0.5580336531591118
IND,India,2001,450.357900514128,7.611,3.77929312235637,1077898575.0,63.158,0.660146377009928
IND,India,2002,469.149928973927,7.681,4.29715203929563,1097600380.0,63.649,1.53787558175083
IND,India,2003,544.143133545002,7.633,3.80585899528851,1116803006.0,64.086,1.68648997063625
IND,India,2004,624.258826510066,7.598,3.76725173477515,1135991513.0,64.484,1.97613649190559
IND,India,2005,710.488080408949,7.551,4.24634362031922,1154676322.0,64.939,2.388099909
IND,India,2006,801.668353659022,7.553,5.79652337561634,1172878890.0,65.373,2.80549986534254
IND,India,2007,1021.88707706826,7.562,6.37288135593231,1190676021.0,65.803,3.95
IND,India,2008,992.519584923828,7.629,8.34926704907581,1207930964.0,66.247,4.38
IND,India,2009,1094.94974598436,7.636,10.8823529411764,1225524753.0,66.7,5.12
IND,India,2010,1347.51939071367,7.631,11.73477141519736,1243481564.0,67.162,7.5
IND,India,2011,1445.46127486037,7.609,8.91179336483371,1261224954.0,67.623,10.07
IND,India,2012,1429.32199520032,7.645,9.47899691419801,1278674502.0,68.076,11.10000038
IND,India,2013,1432.84397512195,7.678,10.0178784746102,1295829511.0,68.499,12.30000019
IND,India,2014,1553.88396075118,7.656,6.66565671867899,1312277191.0,68.932,13.5
IND,India,2015,1583.99815907985,7.629,4.90697344127256,1328024498.0,69.326,14.89999962
IND,India,2016,1707.50892912243,7.611,4.94821634062141,1343944296.0,69.709,16.5
IND,India,2017,1950.10468280866,7.626,3.4204798175919913,1359657400.0,70.068,18.20000076
IND,India,2018,1966.25455171679,7.652,3.9388264669163,1374659064.0,70.415,20.0813000379384
IND,India,2019,2041.42863698585,6.51,3.72950573539129,1389030312.0,70.746,29.52350044
IND,India,2020,1907.04251637669,7.81806,6.62343677628535,1402617695.0,70.156,43.40544313
IND,India,2021,2239.61384367482,6.38,5.13140747176369,1414203896.0,67.282,49.2580986
IND,India,2022,2347.44829434623,4.822,6.69903414079852,1425423212.0,71.698,55.9
IND,India,2023,2488.1057485418037,4.3214999999999995,5.64914318907925,1435160927.68,71.93285,59.251271200199994
USA,United States,2000,36514.79949207736,3.992,3.37685727149929,282807916.12,76.6365853658537,44.459546496520346
USA,United States,2001,37133.623113437,4.731,2.82617111885407,284968955.0,76.8365853658537,49.0808315896951
USA,United States,2002,37997.7596573051,5.783,1.58603162650601,287625193.0,76.9365853658537,58.7854038836952
USA,United States,2003,39490.2749557007,5.989,2.27009497336115,290107933.0,77.0365853658537,61.6971171244207
USA,United States,2004,41724.6316287624,5.529,2.67723669309172,292805298.0,77.4878048780488,64.7582564759896
USA,United States,2005,44123.4070679055,5.084,3.3927468454955,295516599.0,77.4878048780488,67.9681015
USA,United States,2006,46302.0008800056,4.623,3.22594410070404,298379912.0,77.6878048780488,68.93119812
USA,United States,2007,48050.2237771135,4.622,2.85267248150138,301231207.0,77.9878048780488,75.0
USA,United States,2008,48570.0459804586,5.784,3.839100296651,304093966.0,78.0390243902439,74.0
USA,United States,2009,47194.9433547336,9.254,-0.24648638387374144,306771529.0,78.390243902439,71.0
USA,United States,2010,48642.6100179312,9.545829999999999,1.6400434423899,309378227.0,78.5414634146342,71.69
USA,United States,2011,50024.868799398,8.949,3.156841568622,311839461.0,78.6414634146341,69.7294607619268
USA,United States,2012,51708.4011556577,8.069,2.06933726526067,314339099.0,78.7414634146342,74.7
USA,United States,2013,53179.0127634561,7.375,1.46483265562717,316726282.0,78.7414634146342,71.4
USA,United States,2014,54973.4207515712,6.168,1.62222297740817,319257560.0,78.82912195121949,73.0
USA,United States,2015,56572.9188996063,5.28,0.118627135552451,321815121.0,78.690243902439,74.5542024462761
USA,United States,2016,57638.1018367192,4.869,1.26158320570536,324353340.0,78.5390243902439,85.5444212887222
USA,United States,2017,59635.0984397965,4.355,2.13011000365961,326608609.0,78.5390243902439,87.2748891687657
USA,United States,2018,62499.8744390068,3.896,2.44258329692817,328529577.0,78.6390243902439,88.498903165152
USA,United States,2019,64746.4506778863,3.669,1.81221007526021,330226227.0,78.7878048780488,89.4302848575712
USA,United States,2020,63515.9491807833,8.055,1.23358439630629,331577720.0,76.9804878048781,90.34470367
USA,United States,2021,70205.050916026,5.349,4.69785886363742,332099760.0,76.39995121951219,91.2684021
USA,United States,2022,76657.2488844403,3.65,7.242663400437936,334017321.0,77.4341463414634,92.72850037
USA,United States,2023,80026.00907393092,3.6407599999999998,4.11633838374488,336164781.7,78.3853658536585,93.3422644825
